"cnt","rpc","ro","blur_radius","filter_outliers","outlier_filter_threshold","normalize_brightness","distances_10","laser_position"
1,0.0032974349,-0.00494930380293,2,1,1,1,"-1, -1, 314, 319, 326, 268, 333, 303, 291, 302","bottom"
2,0.0032974349,-0.00494930380293,2,1,1,0,"-1, 288, 296, 324, 345, 309, 287, 327, 320, 297","bottom"
3,0.0032974349,-0.00494930380293,2,1,1,0,"1318, 4552, 7479, 185, 180, 181, 187, 2327, 4495, 4495","top"
4,0.0032974349,-0.00494930380293,2,1,3,0,"2271, 3251, 390, 390, 381, 368, 368, 368, 368, 368","top"
